{"nodes":{"node:1":{"location":{"x":0,"y":0}}},"selection":null,"view":{"scroll":{"x":-288.1446533203125,"y":-194.19189453125},"visible_rect":{"max":{"x":425.332122802734375,"y":105.9886474609375},"min":{"x":-151.332183837890625,"y":-101.9886474609375}},"zoom":1.90405404567718506}}